{"w_value_real": {"gender": 0.0010876094182371108, "new_car_price": 0.010532709036857883, "road_haul": -0.657644641472736, "use_date": -0.844873932487866, "displacement": -0.010503004532445792, "follow": 0.022013978936807763, "transfer": -0.2466015617877153, "service_price": 0.22211116119999164, "flaw": -0.23458515273218428}, "b_value_real": -0.002028324081300245, "mean": {"gender": 1.1607246392, "new_car_price": 23.1858973418, "road_haul": 5.2912226189, "use_date": 3.5278142917, "displacement": 1.8231260403, "follow": 62.2753787771, "transfer": 0.2851693766, "service_price": 5635.9874033113, "flaw": 2.4547961952, "hedge_ratio": 53.461118981}, "std": {"gender": 0.367342311, "new_car_price": 25.2118258429, "road_haul": 3.4223820188, "use_date": 2.0877260374, "displacement": 0.5187575372, "follow": 62.355666396, "transfer": 0.6195430625, "service_price": 5237.8628266763, "flaw": 2.5806584455, "hedge_ratio": 15.4586845231}}