{"w_value_real": {"gender": 0.002327821354025533, "new_car_price": 0.0005974277375613502, "road_haul": -0.6517095218773377, "use_date": 0.29839555559716546, "displacement": 1.3662575119998415, "follow": 0.19617027159350653, "transfer": -0.48205582294782606, "service_price": 0.1460944342456801, "flaw": -0.22327300323625046}, "b_value_real": 0.0008556127983922048, "mean": {"gender": 1.1551184062, "new_car_price": 22.8164682788, "road_haul": 5.4413217503, "use_date": 3.573024266, "displacement": 1.8255662755, "follow": 57.1314789291, "transfer": 0.2970666444, "service_price": 5569.9504935333, "flaw": 2.3502902727, "hedge_ratio": 53.6629748037}, "std": {"gender": 0.3621738368, "new_car_price": 24.1117855636, "road_haul": 3.4961325639, "use_date": 2.090037105, "displacement": 0.5173054941, "follow": 58.2639153541, "transfer": 0.6311994637, "service_price": 4959.1690702068, "flaw": 2.5600580962, "hedge_ratio": 15.381264718}}