{"w_value_real": {"gender": 0.404218072074065, "new_car_price": -0.001131583469872259, "road_haul": 0.043313385909334624, "use_date": -0.846510828381819, "displacement": -0.17654665559415092, "follow": 1.8264189702622644, "transfer": -0.19116202698626372, "service_price": 0.2189926534986065, "flaw": -0.22332490942611413}, "b_value_real": -0.0002329329973826917, "mean": {"gender": 1.1551184062, "new_car_price": 22.8164682788, "road_haul": 5.4413217503, "use_date": 3.573024266, "displacement": 1.8255662755, "follow": 57.1314789291, "transfer": 0.2970666444, "service_price": 5569.9504935333, "flaw": 2.3502902727, "hedge_ratio": 53.6629748037}, "std": {"gender": 0.3621738368, "new_car_price": 24.1117855636, "road_haul": 3.4961325639, "use_date": 2.090037105, "displacement": 0.5173054941, "follow": 58.2639153541, "transfer": 0.6311994637, "service_price": 4959.1690702068, "flaw": 2.5600580962, "hedge_ratio": 15.381264718}}